DATAFLOW,REF_AREA:Geographic area,INDICATOR:Indicator,SEX:Sex,TIME_PERIOD:Time period,OBS_VALUE:Observation Value,UNIT_MULTIPLIER:Unit multiplier,UNIT_MEASURE:Unit of measure,OBS_STATUS:Observation Status,OBS_CONF:Observation confidentaility,LOWER_BOUND:Lower Bound,UPPER_BOUND:Upper Bound,WGTD_SAMPL_SIZE:Weighted Sample Size,OBS_FOOTNOTE:Observation footnote,SERIES_FOOTNOTE:Series footnote,DATA_SOURCE:Data Source,SOURCE_LINK:Citation of or link to the data source,CUSTODIAN:Custodian,TIME_PERIOD_METHOD:Time period activity related to when the data are collected,REF_PERIOD:Reference Period,COVERAGE_TIME:The period of time for which data are provided,AGE:Current age
UNICEF:GLOBAL_DATAFLOW(1.0): Cross-sector indicators,AFG: Afghanistan,"ECD_CHLD_36-59M_LMPSL: Percentage of children (aged 36-59 months) developmentally on track in at least 3 of the 4 following domains: literacy-numeracy, physical, social-emotional and learning",F: Female,2023,30.8,,PCNT: %,RP: Reported,F: Free,,,,Age is 3-4 years,,MICS 2022-23,,,EOF: End of fieldwork,,2022-23,M36T59: 36 to 59 months old
UNICEF:GLOBAL_DATAFLOW(1.0): Cross-sector indicators,AFG: Afghanistan,"ECD_CHLD_36-59M_LMPSL: Percentage of children (aged 36-59 months) developmentally on track in at least 3 of the 4 following domains: literacy-numeracy, physical, social-emotional and learning",M: Male,2023,27.9,,PCNT: %,RP: Reported,F: Free,,,,Age is 3-4 years,,MICS 2022-23,,,EOF: End of fieldwork,,2022-23,M36T59: 36 to 59 months old
UNICEF:GLOBAL_DATAFLOW(1.0): Cross-sector indicators,AFG: Afghanistan,"ECD_CHLD_36-59M_LMPSL: Percentage of children (aged 36-59 months) developmentally on track in at least 3 of the 4 following domains: literacy-numeracy, physical, social-emotional and learning",_T: Total,2023,29.3,,PCNT: %,RP: Reported,F: Free,,,,Age is 3-4 years,,MICS 2022-23,,,EOF: End of fieldwork,,2022-23,M36T59: 36 to 59 months old
UNICEF:GLOBAL_DATAFLOW(1.0): Cross-sector indicators,DZA: Algeria,"ECD_CHLD_36-59M_LMPSL: Percentage of children (aged 36-59 months) developmentally on track in at least 3 of the 4 following domains: literacy-numeracy, physical, social-emotional and learning",F: Female,2019,79.3,,PCNT: %,RP: Reported,F: Free,,,,A proxy ECDI (old),,MICS 2018-19,,,EOF: End of fieldwork,,2018-19,M36T59: 36 to 59 months old
UNICEF:GLOBAL_DATAFLOW(1.0): Cross-sector indicators,DZA: Algeria,"ECD_CHLD_36-59M_LMPSL: Percentage of children (aged 36-59 months) developmentally on track in at least 3 of the 4 following domains: literacy-numeracy, physical, social-emotional and learning",M: Male,2019,74.4,,PCNT: %,RP: Reported,F: Free,,,,A proxy ECDI (old),,MICS 2018-19,,,EOF: End of fieldwork,,2018-19,M36T59: 36 to 59 months old
UNICEF:GLOBAL_DATAFLOW(1.0): Cross-sector indicators,DZA: Algeria,"ECD_CHLD_36-59M_LMPSL: Percentage of children (aged 36-59 months) developmentally on track in at least 3 of the 4 following domains: literacy-numeracy, physical, social-emotional and learning",_T: Total,2019,76.8,,PCNT: %,RP: Reported,F: Free,,,,A proxy ECDI (old),,MICS 2018-19,,,EOF: End of fieldwork,,2018-19,M36T59: 36 to 59 months old
UNICEF:GLOBAL_DATAFLOW(1.0): Cross-sector indicators,ARG: Argentina,"ECD_CHLD_36-59M_LMPSL: Percentage of children (aged 36-59 months) developmentally on track in at least 3 of the 4 following domains: literacy-numeracy, physical, social-emotional and learning",F: Female,2020,87.4,,PCNT: %,RP: Reported,F: Free,,,,A proxy ECDI (old); The sample was national and urban,,MICS 2019-20,,,EOF: End of fieldwork,,2019-20,M36T59: 36 to 59 months old
UNICEF:GLOBAL_DATAFLOW(1.0): Cross-sector indicators,ARG: Argentina,"ECD_CHLD_36-59M_LMPSL: Percentage of children (aged 36-59 months) developmentally on track in at least 3 of the 4 following domains: literacy-numeracy, physical, social-emotional and learning",M: Male,2020,85.1,,PCNT: %,RP: Reported,F: Free,,,,A proxy ECDI (old); The sample was national and urban,,MICS 2019-20,,,EOF: End of fieldwork,,2019-20,M36T59: 36 to 59 months old
UNICEF:GLOBAL_DATAFLOW(1.0): Cross-sector indicators,ARG: Argentina,"ECD_CHLD_36-59M_LMPSL: Percentage of children (aged 36-59 months) developmentally on track in at least 3 of the 4 following domains: literacy-numeracy, physical, social-emotional and learning",_T: Total,2020,86.2,,PCNT: %,RP: Reported,F: Free,,,,A proxy ECDI (old); The sample was national and urban,,MICS 2019-20,,,EOF: End of fieldwork,,2019-20,M36T59: 36 to 59 months old
UNICEF:GLOBAL_DATAFLOW(1.0): Cross-sector indicators,BGD: Bangladesh,"ECD_CHLD_36-59M_LMPSL: Percentage of children (aged 36-59 months) developmentally on track in at least 3 of the 4 following domains: literacy-numeracy, physical, social-emotional and learning",F: Female,2019,78,,PCNT: %,RP: Reported,F: Free,,,,A proxy ECDI (old),,MICS 2019,,,EOF: End of fieldwork,,2019,M36T59: 36 to 59 months old
UNICEF:GLOBAL_DATAFLOW(1.0): Cross-sector indicators,BGD: Bangladesh,"ECD_CHLD_36-59M_LMPSL: Percentage of children (aged 36-59 months) developmentally on track in at least 3 of the 4 following domains: literacy-numeracy, physical, social-emotional and learning",M: Male,2019,71.4,,PCNT: %,RP: Reported,F: Free,,,,A proxy ECDI (old),,MICS 2019,,,EOF: End of fieldwork,,2019,M36T59: 36 to 59 months old
UNICEF:GLOBAL_DATAFLOW(1.0): Cross-sector indicators,BGD: Bangladesh,"ECD_CHLD_36-59M_LMPSL: Percentage of children (aged 36-59 months) developmentally on track in at least 3 of the 4 following domains: literacy-numeracy, physical, social-emotional and learning",_T: Total,2019,74.5,,PCNT: %,RP: Reported,F: Free,,,,A proxy ECDI (old),,MICS 2019,,,EOF: End of fieldwork,,2019,M36T59: 36 to 59 months old
UNICEF:GLOBAL_DATAFLOW(1.0): Cross-sector indicators,BLR: Belarus,"ECD_CHLD_36-59M_LMPSL: Percentage of children (aged 36-59 months) developmentally on track in at least 3 of the 4 following domains: literacy-numeracy, physical, social-emotional and learning",F: Female,2019,89.3,,PCNT: %,RP: Reported,F: Free,,,,A proxy ECDI (old),,MICS 2019,,,EOF: End of fieldwork,,2019,M36T59: 36 to 59 months old
UNICEF:GLOBAL_DATAFLOW(1.0): Cross-sector indicators,BLR: Belarus,"ECD_CHLD_36-59M_LMPSL: Percentage of children (aged 36-59 months) developmentally on track in at least 3 of the 4 following domains: literacy-numeracy, physical, social-emotional and learning",M: Male,2019,84.4,,PCNT: %,RP: Reported,F: Free,,,,A proxy ECDI (old),,MICS 2019,,,EOF: End of fieldwork,,2019,M36T59: 36 to 59 months old
UNICEF:GLOBAL_DATAFLOW(1.0): Cross-sector indicators,BLR: Belarus,"ECD_CHLD_36-59M_LMPSL: Percentage of children (aged 36-59 months) developmentally on track in at least 3 of the 4 following domains: literacy-numeracy, physical, social-emotional and learning",_T: Total,2019,86.9,,PCNT: %,RP: Reported,F: Free,,,,A proxy ECDI (old),,MICS 2019,,,EOF: End of fieldwork,,2019,M36T59: 36 to 59 months old
UNICEF:GLOBAL_DATAFLOW(1.0): Cross-sector indicators,BLZ: Belize,"ECD_CHLD_36-59M_LMPSL: Percentage of children (aged 36-59 months) developmentally on track in at least 3 of the 4 following domains: literacy-numeracy, physical, social-emotional and learning",F: Female,2016,85.2,,PCNT: %,RP: Reported,F: Free,,,,A proxy ECDI (old),,MICS 2015-16,,,EOF: End of fieldwork,,2015-16,M36T59: 36 to 59 months old
UNICEF:GLOBAL_DATAFLOW(1.0): Cross-sector indicators,BLZ: Belize,"ECD_CHLD_36-59M_LMPSL: Percentage of children (aged 36-59 months) developmentally on track in at least 3 of the 4 following domains: literacy-numeracy, physical, social-emotional and learning",M: Male,2016,80,,PCNT: %,RP: Reported,F: Free,,,,A proxy ECDI (old),,MICS 2015-16,,,EOF: End of fieldwork,,2015-16,M36T59: 36 to 59 months old
UNICEF:GLOBAL_DATAFLOW(1.0): Cross-sector indicators,BLZ: Belize,"ECD_CHLD_36-59M_LMPSL: Percentage of children (aged 36-59 months) developmentally on track in at least 3 of the 4 following domains: literacy-numeracy, physical, social-emotional and learning",_T: Total,2016,82.5,,PCNT: %,RP: Reported,F: Free,,,,A proxy ECDI (old),,MICS 2015-16,,,EOF: End of fieldwork,,2015-16,M36T59: 36 to 59 months old
UNICEF:GLOBAL_DATAFLOW(1.0): Cross-sector indicators,BDI: Burundi,"ECD_CHLD_36-59M_LMPSL: Percentage of children (aged 36-59 months) developmentally on track in at least 3 of the 4 following domains: literacy-numeracy, physical, social-emotional and learning",F: Female,2017,45.5,,PCNT: %,RA: Reanalysed,F: Free,,,,A proxy ECDI (old); Based on the youngest child aged 36-59 months,,DHS 2016-17,,,EOF: End of fieldwork,,2016-17,M36T59: 36 to 59 months old
UNICEF:GLOBAL_DATAFLOW(1.0): Cross-sector indicators,BDI: Burundi,"ECD_CHLD_36-59M_LMPSL: Percentage of children (aged 36-59 months) developmentally on track in at least 3 of the 4 following domains: literacy-numeracy, physical, social-emotional and learning",M: Male,2017,33.6,,PCNT: %,RA: Reanalysed,F: Free,,,,A proxy ECDI (old); Based on the youngest child aged 36-59 months,,DHS 2016-17,,,EOF: End of fieldwork,,2016-17,M36T59: 36 to 59 months old
UNICEF:GLOBAL_DATAFLOW(1.0): Cross-sector indicators,BDI: Burundi,"ECD_CHLD_36-59M_LMPSL: Percentage of children (aged 36-59 months) developmentally on track in at least 3 of the 4 following domains: literacy-numeracy, physical, social-emotional and learning",_T: Total,2017,39.6,,PCNT: %,RA: Reanalysed,F: Free,,,,A proxy ECDI (old); Based on the youngest child aged 36-59 months,,DHS 2016-17,,,EOF: End of fieldwork,,2016-17,M36T59: 36 to 59 months old
UNICEF:GLOBAL_DATAFLOW(1.0): Cross-sector indicators,CAF: Central African Republic,"ECD_CHLD_36-59M_LMPSL: Percentage of children (aged 36-59 months) developmentally on track in at least 3 of the 4 following domains: literacy-numeracy, physical, social-emotional and learning",F: Female,2019,38.7,,PCNT: %,RP: Reported,F: Free,,,,A proxy ECDI (old),,MICS 2018-19,,,EOF: End of fieldwork,,2018-19,M36T59: 36 to 59 months old
UNICEF:GLOBAL_DATAFLOW(1.0): Cross-sector indicators,CAF: Central African Republic,"ECD_CHLD_36-59M_LMPSL: Percentage of children (aged 36-59 months) developmentally on track in at least 3 of the 4 following domains: literacy-numeracy, physical, social-emotional and learning",M: Male,2019,33.6,,PCNT: %,RP: Reported,F: Free,,,,A proxy ECDI (old),,MICS 2018-19,,,EOF: End of fieldwork,,2018-19,M36T59: 36 to 59 months old
UNICEF:GLOBAL_DATAFLOW(1.0): Cross-sector indicators,CAF: Central African Republic,"ECD_CHLD_36-59M_LMPSL: Percentage of children (aged 36-59 months) developmentally on track in at least 3 of the 4 following domains: literacy-numeracy, physical, social-emotional and learning",_T: Total,2019,36.2,,PCNT: %,RP: Reported,F: Free,,,,A proxy ECDI (old),,MICS 2018-19,,,EOF: End of fieldwork,,2018-19,M36T59: 36 to 59 months old
UNICEF:GLOBAL_DATAFLOW(1.0): Cross-sector indicators,TCD: Chad,"ECD_CHLD_36-59M_LMPSL: Percentage of children (aged 36-59 months) developmentally on track in at least 3 of the 4 following domains: literacy-numeracy, physical, social-emotional and learning",F: Female,2019,47.1,,PCNT: %,RP: Reported,F: Free,,,,A proxy ECDI (old),,MICS 2019,,,EOF: End of fieldwork,,2019,M36T59: 36 to 59 months old
UNICEF:GLOBAL_DATAFLOW(1.0): Cross-sector indicators,TCD: Chad,"ECD_CHLD_36-59M_LMPSL: Percentage of children (aged 36-59 months) developmentally on track in at least 3 of the 4 following domains: literacy-numeracy, physical, social-emotional and learning",M: Male,2019,42.7,,PCNT: %,RP: Reported,F: Free,,,,A proxy ECDI (old),,MICS 2019,,,EOF: End of fieldwork,,2019,M36T59: 36 to 59 months old
UNICEF:GLOBAL_DATAFLOW(1.0): Cross-sector indicators,TCD: Chad,"ECD_CHLD_36-59M_LMPSL: Percentage of children (aged 36-59 months) developmentally on track in at least 3 of the 4 following domains: literacy-numeracy, physical, social-emotional and learning",_T: Total,2019,44.9,,PCNT: %,RP: Reported,F: Free,,,,A proxy ECDI (old),,MICS 2019,,,EOF: End of fieldwork,,2019,M36T59: 36 to 59 months old
UNICEF:GLOBAL_DATAFLOW(1.0): Cross-sector indicators,CHL: Chile,"ECD_CHLD_36-59M_LMPSL: Percentage of children (aged 36-59 months) developmentally on track in at least 3 of the 4 following domains: literacy-numeracy, physical, social-emotional and learning",F: Female,2017,86.8,,PCNT: %,RA: Reanalysed,F: Free,,,,A proxy ECDI (old),,ELPI 2017,,,EOF: End of fieldwork,,2017,M36T59: 36 to 59 months old
UNICEF:GLOBAL_DATAFLOW(1.0): Cross-sector indicators,CHL: Chile,"ECD_CHLD_36-59M_LMPSL: Percentage of children (aged 36-59 months) developmentally on track in at least 3 of the 4 following domains: literacy-numeracy, physical, social-emotional and learning",M: Male,2017,84.7,,PCNT: %,RA: Reanalysed,F: Free,,,,A proxy ECDI (old),,ELPI 2017,,,EOF: End of fieldwork,,2017,M36T59: 36 to 59 months old
UNICEF:GLOBAL_DATAFLOW(1.0): Cross-sector indicators,CHL: Chile,"ECD_CHLD_36-59M_LMPSL: Percentage of children (aged 36-59 months) developmentally on track in at least 3 of the 4 following domains: literacy-numeracy, physical, social-emotional and learning",_T: Total,2017,85.7,,PCNT: %,RA: Reanalysed,F: Free,,,,A proxy ECDI (old),,ELPI 2017,,,EOF: End of fieldwork,,2017,M36T59: 36 to 59 months old
UNICEF:GLOBAL_DATAFLOW(1.0): Cross-sector indicators,COM: Comoros,"ECD_CHLD_36-59M_LMPSL: Percentage of children (aged 36-59 months) developmentally on track in at least 3 of the 4 following domains: literacy-numeracy, physical, social-emotional and learning",F: Female,2022,41.3,,PCNT: %,RP: Reported,F: Free,,,,Age is 3-4 years,,MICS 2022,,,EOF: End of fieldwork,,2022,M36T59: 36 to 59 months old
UNICEF:GLOBAL_DATAFLOW(1.0): Cross-sector indicators,COM: Comoros,"ECD_CHLD_36-59M_LMPSL: Percentage of children (aged 36-59 months) developmentally on track in at least 3 of the 4 following domains: literacy-numeracy, physical, social-emotional and learning",M: Male,2022,31.7,,PCNT: %,RP: Reported,F: Free,,,,Age is 3-4 years,,MICS 2022,,,EOF: End of fieldwork,,2022,M36T59: 36 to 59 months old
UNICEF:GLOBAL_DATAFLOW(1.0): Cross-sector indicators,COM: Comoros,"ECD_CHLD_36-59M_LMPSL: Percentage of children (aged 36-59 months) developmentally on track in at least 3 of the 4 following domains: literacy-numeracy, physical, social-emotional and learning",_T: Total,2022,36.4,,PCNT: %,RP: Reported,F: Free,,,,Age is 3-4 years,,MICS 2022,,,EOF: End of fieldwork,,2022,M36T59: 36 to 59 months old
UNICEF:GLOBAL_DATAFLOW(1.0): Cross-sector indicators,CRI: Costa Rica,"ECD_CHLD_36-59M_LMPSL: Percentage of children (aged 36-59 months) developmentally on track in at least 3 of the 4 following domains: literacy-numeracy, physical, social-emotional and learning",F: Female,2018,89.5,,PCNT: %,RP: Reported,F: Free,,,,A proxy ECDI (old),,MICS 2018,,,EOF: End of fieldwork,,2018,M36T59: 36 to 59 months old
UNICEF:GLOBAL_DATAFLOW(1.0): Cross-sector indicators,CRI: Costa Rica,"ECD_CHLD_36-59M_LMPSL: Percentage of children (aged 36-59 months) developmentally on track in at least 3 of the 4 following domains: literacy-numeracy, physical, social-emotional and learning",M: Male,2018,81.8,,PCNT: %,RP: Reported,F: Free,,,,A proxy ECDI (old),,MICS 2018,,,EOF: End of fieldwork,,2018,M36T59: 36 to 59 months old
UNICEF:GLOBAL_DATAFLOW(1.0): Cross-sector indicators,CRI: Costa Rica,"ECD_CHLD_36-59M_LMPSL: Percentage of children (aged 36-59 months) developmentally on track in at least 3 of the 4 following domains: literacy-numeracy, physical, social-emotional and learning",_T: Total,2018,85.5,,PCNT: %,RP: Reported,F: Free,,,,A proxy ECDI (old),,MICS 2018,,,EOF: End of fieldwork,,2018,M36T59: 36 to 59 months old
UNICEF:GLOBAL_DATAFLOW(1.0): Cross-sector indicators,CUB: Cuba,"ECD_CHLD_36-59M_LMPSL: Percentage of children (aged 36-59 months) developmentally on track in at least 3 of the 4 following domains: literacy-numeracy, physical, social-emotional and learning",F: Female,2019,95.4,,PCNT: %,RP: Reported,F: Free,,,,A proxy ECDI (old),,MICS 2019,,,EOF: End of fieldwork,,2019,M36T59: 36 to 59 months old
UNICEF:GLOBAL_DATAFLOW(1.0): Cross-sector indicators,CUB: Cuba,"ECD_CHLD_36-59M_LMPSL: Percentage of children (aged 36-59 months) developmentally on track in at least 3 of the 4 following domains: literacy-numeracy, physical, social-emotional and learning",M: Male,2019,94,,PCNT: %,RP: Reported,F: Free,,,,A proxy ECDI (old),,MICS 2019,,,EOF: End of fieldwork,,2019,M36T59: 36 to 59 months old
UNICEF:GLOBAL_DATAFLOW(1.0): Cross-sector indicators,CUB: Cuba,"ECD_CHLD_36-59M_LMPSL: Percentage of children (aged 36-59 months) developmentally on track in at least 3 of the 4 following domains: literacy-numeracy, physical, social-emotional and learning",_T: Total,2019,94.7,,PCNT: %,RP: Reported,F: Free,,,,A proxy ECDI (old),,MICS 2019,,,EOF: End of fieldwork,,2019,M36T59: 36 to 59 months old
UNICEF:GLOBAL_DATAFLOW(1.0): Cross-sector indicators,PRK: Democratic People's Republic of Korea,"ECD_CHLD_36-59M_LMPSL: Percentage of children (aged 36-59 months) developmentally on track in at least 3 of the 4 following domains: literacy-numeracy, physical, social-emotional and learning",F: Female,2017,89.2,,PCNT: %,RP: Reported,F: Free,,,,A proxy ECDI (old),,MICS 2017,,,EOF: End of fieldwork,,2017,M36T59: 36 to 59 months old
UNICEF:GLOBAL_DATAFLOW(1.0): Cross-sector indicators,PRK: Democratic People's Republic of Korea,"ECD_CHLD_36-59M_LMPSL: Percentage of children (aged 36-59 months) developmentally on track in at least 3 of the 4 following domains: literacy-numeracy, physical, social-emotional and learning",M: Male,2017,86.2,,PCNT: %,RP: Reported,F: Free,,,,A proxy ECDI (old),,MICS 2017,,,EOF: End of fieldwork,,2017,M36T59: 36 to 59 months old
UNICEF:GLOBAL_DATAFLOW(1.0): Cross-sector indicators,PRK: Democratic People's Republic of Korea,"ECD_CHLD_36-59M_LMPSL: Percentage of children (aged 36-59 months) developmentally on track in at least 3 of the 4 following domains: literacy-numeracy, physical, social-emotional and learning",_T: Total,2017,87.7,,PCNT: %,RP: Reported,F: Free,,,,A proxy ECDI (old),,MICS 2017,,,EOF: End of fieldwork,,2017,M36T59: 36 to 59 months old
UNICEF:GLOBAL_DATAFLOW(1.0): Cross-sector indicators,COD: Democratic Republic of the Congo,"ECD_CHLD_36-59M_LMPSL: Percentage of children (aged 36-59 months) developmentally on track in at least 3 of the 4 following domains: literacy-numeracy, physical, social-emotional and learning",F: Female,2018,57.2,,PCNT: %,RP: Reported,F: Free,,,,A proxy ECDI (old),,MICS 2017-18,,,EOF: End of fieldwork,,2017-18,M36T59: 36 to 59 months old
UNICEF:GLOBAL_DATAFLOW(1.0): Cross-sector indicators,COD: Democratic Republic of the Congo,"ECD_CHLD_36-59M_LMPSL: Percentage of children (aged 36-59 months) developmentally on track in at least 3 of the 4 following domains: literacy-numeracy, physical, social-emotional and learning",M: Male,2018,56.2,,PCNT: %,RP: Reported,F: Free,,,,A proxy ECDI (old),,MICS 2017-18,,,EOF: End of fieldwork,,2017-18,M36T59: 36 to 59 months old
UNICEF:GLOBAL_DATAFLOW(1.0): Cross-sector indicators,COD: Democratic Republic of the Congo,"ECD_CHLD_36-59M_LMPSL: Percentage of children (aged 36-59 months) developmentally on track in at least 3 of the 4 following domains: literacy-numeracy, physical, social-emotional and learning",_T: Total,2018,56.7,,PCNT: %,RP: Reported,F: Free,,,,A proxy ECDI (old),,MICS 2017-18,,,EOF: End of fieldwork,,2017-18,M36T59: 36 to 59 months old
UNICEF:GLOBAL_DATAFLOW(1.0): Cross-sector indicators,DOM: Dominican Republic,"ECD_CHLD_36-59M_LMPSL: Percentage of children (aged 36-59 months) developmentally on track in at least 3 of the 4 following domains: literacy-numeracy, physical, social-emotional and learning",F: Female,2019,88.9,,PCNT: %,RP: Reported,F: Free,,,,A proxy ECDI (old),,MICS 2019,,,EOF: End of fieldwork,,2019,M36T59: 36 to 59 months old
UNICEF:GLOBAL_DATAFLOW(1.0): Cross-sector indicators,DOM: Dominican Republic,"ECD_CHLD_36-59M_LMPSL: Percentage of children (aged 36-59 months) developmentally on track in at least 3 of the 4 following domains: literacy-numeracy, physical, social-emotional and learning",M: Male,2019,85.2,,PCNT: %,RP: Reported,F: Free,,,,A proxy ECDI (old),,MICS 2019,,,EOF: End of fieldwork,,2019,M36T59: 36 to 59 months old
UNICEF:GLOBAL_DATAFLOW(1.0): Cross-sector indicators,DOM: Dominican Republic,"ECD_CHLD_36-59M_LMPSL: Percentage of children (aged 36-59 months) developmentally on track in at least 3 of the 4 following domains: literacy-numeracy, physical, social-emotional and learning",_T: Total,2019,87.1,,PCNT: %,RP: Reported,F: Free,,,,A proxy ECDI (old),,MICS 2019,,,EOF: End of fieldwork,,2019,M36T59: 36 to 59 months old
UNICEF:GLOBAL_DATAFLOW(1.0): Cross-sector indicators,UNICEF_EECA: Eastern Europe and Central Asia,"ECD_CHLD_36-59M_LMPSL: Percentage of children (aged 36-59 months) developmentally on track in at least 3 of the 4 following domains: literacy-numeracy, physical, social-emotional and learning",F: Female,2023,82.958,,PCNT: %,E: Estimated value,F: Free,,,,Based on 10 countries with a population coverage 53 per cent of the regional population of girls aged 3-4 years,,"DHS, MICS and other national surveys",,,EOF: End of fieldwork,,2015-23,M36T59: 36 to 59 months old
UNICEF:GLOBAL_DATAFLOW(1.0): Cross-sector indicators,UNICEF_EECA: Eastern Europe and Central Asia,"ECD_CHLD_36-59M_LMPSL: Percentage of children (aged 36-59 months) developmentally on track in at least 3 of the 4 following domains: literacy-numeracy, physical, social-emotional and learning",M: Male,2023,76.802,,PCNT: %,E: Estimated value,F: Free,,,,Based on 10 countries with a population coverage 53 per cent of the regional population of boys aged 3-4 years,,"DHS, MICS and other national surveys",,,EOF: End of fieldwork,,2015-23,M36T59: 36 to 59 months old
UNICEF:GLOBAL_DATAFLOW(1.0): Cross-sector indicators,UNICEF_EECA: Eastern Europe and Central Asia,"ECD_CHLD_36-59M_LMPSL: Percentage of children (aged 36-59 months) developmentally on track in at least 3 of the 4 following domains: literacy-numeracy, physical, social-emotional and learning",_T: Total,2023,79.768,,PCNT: %,E: Estimated value,F: Free,,,,Based on 10 countries with a population coverage 53 per cent of the regional population aged 3-4 years,,"DHS, MICS and other national surveys",,,EOF: End of fieldwork,,2015-23,M36T59: 36 to 59 months old
UNICEF:GLOBAL_DATAFLOW(1.0): Cross-sector indicators,ECU: Ecuador,"ECD_CHLD_36-59M_LMPSL: Percentage of children (aged 36-59 months) developmentally on track in at least 3 of the 4 following domains: literacy-numeracy, physical, social-emotional and learning",F: Female,2018,84,,PCNT: %,RP: Reported,F: Free,,,,A proxy ECDI (old); Based on the child whose birthday is the closest to the interview date,,ENSANUT 2018,,,EOF: End of fieldwork,,2018,M36T59: 36 to 59 months old
UNICEF:GLOBAL_DATAFLOW(1.0): Cross-sector indicators,ECU: Ecuador,"ECD_CHLD_36-59M_LMPSL: Percentage of children (aged 36-59 months) developmentally on track in at least 3 of the 4 following domains: literacy-numeracy, physical, social-emotional and learning",M: Male,2018,78.2,,PCNT: %,RP: Reported,F: Free,,,,A proxy ECDI (old); Based on the child whose birthday is the closest to the interview date,,ENSANUT 2018,,,EOF: End of fieldwork,,2018,M36T59: 36 to 59 months old
UNICEF:GLOBAL_DATAFLOW(1.0): Cross-sector indicators,ECU: Ecuador,"ECD_CHLD_36-59M_LMPSL: Percentage of children (aged 36-59 months) developmentally on track in at least 3 of the 4 following domains: literacy-numeracy, physical, social-emotional and learning",_T: Total,2018,81,,PCNT: %,RP: Reported,F: Free,,,,A proxy ECDI (old); Based on the child whose birthday is the closest to the interview date,,ENSANUT 2018,,,EOF: End of fieldwork,,2018,M36T59: 36 to 59 months old
UNICEF:GLOBAL_DATAFLOW(1.0): Cross-sector indicators,SLV: El Salvador,"ECD_CHLD_36-59M_LMPSL: Percentage of children (aged 36-59 months) developmentally on track in at least 3 of the 4 following domains: literacy-numeracy, physical, social-emotional and learning",F: Female,2021,82.9,,PCNT: %,RP: Reported,F: Free,,,,A proxy ECDI (old),,NHS 2021,,,EOF: End of fieldwork,,2021,M36T59: 36 to 59 months old
UNICEF:GLOBAL_DATAFLOW(1.0): Cross-sector indicators,SLV: El Salvador,"ECD_CHLD_36-59M_LMPSL: Percentage of children (aged 36-59 months) developmentally on track in at least 3 of the 4 following domains: literacy-numeracy, physical, social-emotional and learning",M: Male,2021,82.3,,PCNT: %,RP: Reported,F: Free,,,,A proxy ECDI (old),,NHS 2021,,,EOF: End of fieldwork,,2021,M36T59: 36 to 59 months old
UNICEF:GLOBAL_DATAFLOW(1.0): Cross-sector indicators,SLV: El Salvador,"ECD_CHLD_36-59M_LMPSL: Percentage of children (aged 36-59 months) developmentally on track in at least 3 of the 4 following domains: literacy-numeracy, physical, social-emotional and learning",_T: Total,2021,82.6,,PCNT: %,RP: Reported,F: Free,,,,A proxy ECDI (old),,NHS 2021,,,EOF: End of fieldwork,,2021,M36T59: 36 to 59 months old
UNICEF:GLOBAL_DATAFLOW(1.0): Cross-sector indicators,GMB: Gambia,"ECD_CHLD_36-59M_LMPSL: Percentage of children (aged 36-59 months) developmentally on track in at least 3 of the 4 following domains: literacy-numeracy, physical, social-emotional and learning",F: Female,2018,69,,PCNT: %,RP: Reported,F: Free,,,,A proxy ECDI (old),,MICS 2018,,,EOF: End of fieldwork,,2018,M36T59: 36 to 59 months old
UNICEF:GLOBAL_DATAFLOW(1.0): Cross-sector indicators,GMB: Gambia,"ECD_CHLD_36-59M_LMPSL: Percentage of children (aged 36-59 months) developmentally on track in at least 3 of the 4 following domains: literacy-numeracy, physical, social-emotional and learning",M: Male,2018,65.2,,PCNT: %,RP: Reported,F: Free,,,,A proxy ECDI (old),,MICS 2018,,,EOF: End of fieldwork,,2018,M36T59: 36 to 59 months old
UNICEF:GLOBAL_DATAFLOW(1.0): Cross-sector indicators,GMB: Gambia,"ECD_CHLD_36-59M_LMPSL: Percentage of children (aged 36-59 months) developmentally on track in at least 3 of the 4 following domains: literacy-numeracy, physical, social-emotional and learning",_T: Total,2018,67,,PCNT: %,RP: Reported,F: Free,,,,A proxy ECDI (old),,MICS 2018,,,EOF: End of fieldwork,,2018,M36T59: 36 to 59 months old
UNICEF:GLOBAL_DATAFLOW(1.0): Cross-sector indicators,GEO: Georgia,"ECD_CHLD_36-59M_LMPSL: Percentage of children (aged 36-59 months) developmentally on track in at least 3 of the 4 following domains: literacy-numeracy, physical, social-emotional and learning",F: Female,2018,88.5,,PCNT: %,RP: Reported,F: Free,,,,A proxy ECDI (old),,MICS 2018,,,EOF: End of fieldwork,,2018,M36T59: 36 to 59 months old
UNICEF:GLOBAL_DATAFLOW(1.0): Cross-sector indicators,GEO: Georgia,"ECD_CHLD_36-59M_LMPSL: Percentage of children (aged 36-59 months) developmentally on track in at least 3 of the 4 following domains: literacy-numeracy, physical, social-emotional and learning",M: Male,2018,90.8,,PCNT: %,RP: Reported,F: Free,,,,A proxy ECDI (old),,MICS 2018,,,EOF: End of fieldwork,,2018,M36T59: 36 to 59 months old
UNICEF:GLOBAL_DATAFLOW(1.0): Cross-sector indicators,GEO: Georgia,"ECD_CHLD_36-59M_LMPSL: Percentage of children (aged 36-59 months) developmentally on track in at least 3 of the 4 following domains: literacy-numeracy, physical, social-emotional and learning",_T: Total,2018,89.6,,PCNT: %,RP: Reported,F: Free,,,,A proxy ECDI (old),,MICS 2018,,,EOF: End of fieldwork,,2018,M36T59: 36 to 59 months old
UNICEF:GLOBAL_DATAFLOW(1.0): Cross-sector indicators,GHA: Ghana,"ECD_CHLD_36-59M_LMPSL: Percentage of children (aged 36-59 months) developmentally on track in at least 3 of the 4 following domains: literacy-numeracy, physical, social-emotional and learning",F: Female,2018,71.9,,PCNT: %,RP: Reported,F: Free,,,,A proxy ECDI (old),,MICS 2017-18,,,EOF: End of fieldwork,,2017-18,M36T59: 36 to 59 months old
UNICEF:GLOBAL_DATAFLOW(1.0): Cross-sector indicators,GHA: Ghana,"ECD_CHLD_36-59M_LMPSL: Percentage of children (aged 36-59 months) developmentally on track in at least 3 of the 4 following domains: literacy-numeracy, physical, social-emotional and learning",M: Male,2018,64.6,,PCNT: %,RP: Reported,F: Free,,,,A proxy ECDI (old),,MICS 2017-18,,,EOF: End of fieldwork,,2017-18,M36T59: 36 to 59 months old
UNICEF:GLOBAL_DATAFLOW(1.0): Cross-sector indicators,GHA: Ghana,"ECD_CHLD_36-59M_LMPSL: Percentage of children (aged 36-59 months) developmentally on track in at least 3 of the 4 following domains: literacy-numeracy, physical, social-emotional and learning",_T: Total,2018,68.4,,PCNT: %,RP: Reported,F: Free,,,,A proxy ECDI (old),,MICS 2017-18,,,EOF: End of fieldwork,,2017-18,M36T59: 36 to 59 months old
UNICEF:GLOBAL_DATAFLOW(1.0): Cross-sector indicators,GIN: Guinea,"ECD_CHLD_36-59M_LMPSL: Percentage of children (aged 36-59 months) developmentally on track in at least 3 of the 4 following domains: literacy-numeracy, physical, social-emotional and learning",F: Female,2016,50.4,,PCNT: %,RP: Reported,F: Free,,,,A proxy ECDI (old),,MICS 2016,,,EOF: End of fieldwork,,2016,M36T59: 36 to 59 months old
UNICEF:GLOBAL_DATAFLOW(1.0): Cross-sector indicators,GIN: Guinea,"ECD_CHLD_36-59M_LMPSL: Percentage of children (aged 36-59 months) developmentally on track in at least 3 of the 4 following domains: literacy-numeracy, physical, social-emotional and learning",M: Male,2016,47.5,,PCNT: %,RP: Reported,F: Free,,,,A proxy ECDI (old),,MICS 2016,,,EOF: End of fieldwork,,2016,M36T59: 36 to 59 months old
UNICEF:GLOBAL_DATAFLOW(1.0): Cross-sector indicators,GIN: Guinea,"ECD_CHLD_36-59M_LMPSL: Percentage of children (aged 36-59 months) developmentally on track in at least 3 of the 4 following domains: literacy-numeracy, physical, social-emotional and learning",_T: Total,2016,48.9,,PCNT: %,RP: Reported,F: Free,,,,A proxy ECDI (old),,MICS 2016,,,EOF: End of fieldwork,,2016,M36T59: 36 to 59 months old
UNICEF:GLOBAL_DATAFLOW(1.0): Cross-sector indicators,GNB: Guinea-Bissau,"ECD_CHLD_36-59M_LMPSL: Percentage of children (aged 36-59 months) developmentally on track in at least 3 of the 4 following domains: literacy-numeracy, physical, social-emotional and learning",F: Female,2019,74.7,,PCNT: %,RP: Reported,F: Free,,,,A proxy ECDI (old),,MICS 2018-19,,,EOF: End of fieldwork,,2018-19,M36T59: 36 to 59 months old
UNICEF:GLOBAL_DATAFLOW(1.0): Cross-sector indicators,GNB: Guinea-Bissau,"ECD_CHLD_36-59M_LMPSL: Percentage of children (aged 36-59 months) developmentally on track in at least 3 of the 4 following domains: literacy-numeracy, physical, social-emotional and learning",M: Male,2019,71.8,,PCNT: %,RP: Reported,F: Free,,,,A proxy ECDI (old),,MICS 2018-19,,,EOF: End of fieldwork,,2018-19,M36T59: 36 to 59 months old
UNICEF:GLOBAL_DATAFLOW(1.0): Cross-sector indicators,GNB: Guinea-Bissau,"ECD_CHLD_36-59M_LMPSL: Percentage of children (aged 36-59 months) developmentally on track in at least 3 of the 4 following domains: literacy-numeracy, physical, social-emotional and learning",_T: Total,2019,73.2,,PCNT: %,RP: Reported,F: Free,,,,A proxy ECDI (old),,MICS 2018-19,,,EOF: End of fieldwork,,2018-19,M36T59: 36 to 59 months old
UNICEF:GLOBAL_DATAFLOW(1.0): Cross-sector indicators,GUY: Guyana,"ECD_CHLD_36-59M_LMPSL: Percentage of children (aged 36-59 months) developmentally on track in at least 3 of the 4 following domains: literacy-numeracy, physical, social-emotional and learning",F: Female,2020,90,,PCNT: %,RP: Reported,F: Free,,,,A proxy ECDI (old),,MICS 2019-20,,,EOF: End of fieldwork,,2019-20,M36T59: 36 to 59 months old
UNICEF:GLOBAL_DATAFLOW(1.0): Cross-sector indicators,GUY: Guyana,"ECD_CHLD_36-59M_LMPSL: Percentage of children (aged 36-59 months) developmentally on track in at least 3 of the 4 following domains: literacy-numeracy, physical, social-emotional and learning",M: Male,2020,82.8,,PCNT: %,RP: Reported,F: Free,,,,A proxy ECDI (old),,MICS 2019-20,,,EOF: End of fieldwork,,2019-20,M36T59: 36 to 59 months old
UNICEF:GLOBAL_DATAFLOW(1.0): Cross-sector indicators,GUY: Guyana,"ECD_CHLD_36-59M_LMPSL: Percentage of children (aged 36-59 months) developmentally on track in at least 3 of the 4 following domains: literacy-numeracy, physical, social-emotional and learning",_T: Total,2020,86.5,,PCNT: %,RP: Reported,F: Free,,,,A proxy ECDI (old),,MICS 2019-20,,,EOF: End of fieldwork,,2019-20,M36T59: 36 to 59 months old
UNICEF:GLOBAL_DATAFLOW(1.0): Cross-sector indicators,HTI: Haiti,"ECD_CHLD_36-59M_LMPSL: Percentage of children (aged 36-59 months) developmentally on track in at least 3 of the 4 following domains: literacy-numeracy, physical, social-emotional and learning",F: Female,2017,69.4,,PCNT: %,RA: Reanalysed,F: Free,,,,A proxy ECDI (old); Based on the youngest child aged 36-59 months,,DHS 2017,,,EOF: End of fieldwork,,2016-17,M36T59: 36 to 59 months old
UNICEF:GLOBAL_DATAFLOW(1.0): Cross-sector indicators,HTI: Haiti,"ECD_CHLD_36-59M_LMPSL: Percentage of children (aged 36-59 months) developmentally on track in at least 3 of the 4 following domains: literacy-numeracy, physical, social-emotional and learning",M: Male,2017,61.8,,PCNT: %,RA: Reanalysed,F: Free,,,,A proxy ECDI (old); Based on the youngest child aged 36-59 months,,DHS 2017,,,EOF: End of fieldwork,,2016-17,M36T59: 36 to 59 months old
UNICEF:GLOBAL_DATAFLOW(1.0): Cross-sector indicators,HTI: Haiti,"ECD_CHLD_36-59M_LMPSL: Percentage of children (aged 36-59 months) developmentally on track in at least 3 of the 4 following domains: literacy-numeracy, physical, social-emotional and learning",_T: Total,2017,65.4,,PCNT: %,RA: Reanalysed,F: Free,,,,A proxy ECDI (old); Based on the youngest child aged 36-59 months,,DHS 2017,,,EOF: End of fieldwork,,2016-17,M36T59: 36 to 59 months old
UNICEF:GLOBAL_DATAFLOW(1.0): Cross-sector indicators,HND: Honduras,"ECD_CHLD_36-59M_LMPSL: Percentage of children (aged 36-59 months) developmentally on track in at least 3 of the 4 following domains: literacy-numeracy, physical, social-emotional and learning",F: Female,2019,74.3,,PCNT: %,RP: Reported,F: Free,,,,A proxy ECDI (old),,MICS 2019,,,EOF: End of fieldwork,,2019,M36T59: 36 to 59 months old
UNICEF:GLOBAL_DATAFLOW(1.0): Cross-sector indicators,HND: Honduras,"ECD_CHLD_36-59M_LMPSL: Percentage of children (aged 36-59 months) developmentally on track in at least 3 of the 4 following domains: literacy-numeracy, physical, social-emotional and learning",M: Male,2019,74.9,,PCNT: %,RP: Reported,F: Free,,,,A proxy ECDI (old),,MICS 2019,,,EOF: End of fieldwork,,2019,M36T59: 36 to 59 months old
UNICEF:GLOBAL_DATAFLOW(1.0): Cross-sector indicators,HND: Honduras,"ECD_CHLD_36-59M_LMPSL: Percentage of children (aged 36-59 months) developmentally on track in at least 3 of the 4 following domains: literacy-numeracy, physical, social-emotional and learning",_T: Total,2019,74.6,,PCNT: %,RP: Reported,F: Free,,,,A proxy ECDI (old),,MICS 2019,,,EOF: End of fieldwork,,2019,M36T59: 36 to 59 months old
UNICEF:GLOBAL_DATAFLOW(1.0): Cross-sector indicators,IDN: Indonesia,"ECD_CHLD_36-59M_LMPSL: Percentage of children (aged 36-59 months) developmentally on track in at least 3 of the 4 following domains: literacy-numeracy, physical, social-emotional and learning",_T: Total,2018,88.3,,PCNT: %,RP: Reported,F: Free,,,,A proxy ECDI (old),,RISKESDAS 2018,,,EOF: End of fieldwork,,2018,M36T59: 36 to 59 months old
UNICEF:GLOBAL_DATAFLOW(1.0): Cross-sector indicators,IRQ: Iraq,"ECD_CHLD_36-59M_LMPSL: Percentage of children (aged 36-59 months) developmentally on track in at least 3 of the 4 following domains: literacy-numeracy, physical, social-emotional and learning",F: Female,2018,80.2,,PCNT: %,RP: Reported,F: Free,,,,A proxy ECDI (old),,MICS 2018,,,EOF: End of fieldwork,,2018,M36T59: 36 to 59 months old
UNICEF:GLOBAL_DATAFLOW(1.0): Cross-sector indicators,IRQ: Iraq,"ECD_CHLD_36-59M_LMPSL: Percentage of children (aged 36-59 months) developmentally on track in at least 3 of the 4 following domains: literacy-numeracy, physical, social-emotional and learning",M: Male,2018,78.4,,PCNT: %,RP: Reported,F: Free,,,,A proxy ECDI (old),,MICS 2018,,,EOF: End of fieldwork,,2018,M36T59: 36 to 59 months old
UNICEF:GLOBAL_DATAFLOW(1.0): Cross-sector indicators,IRQ: Iraq,"ECD_CHLD_36-59M_LMPSL: Percentage of children (aged 36-59 months) developmentally on track in at least 3 of the 4 following domains: literacy-numeracy, physical, social-emotional and learning",_T: Total,2018,79.3,,PCNT: %,RP: Reported,F: Free,,,,A proxy ECDI (old),,MICS 2018,,,EOF: End of fieldwork,,2018,M36T59: 36 to 59 months old
UNICEF:GLOBAL_DATAFLOW(1.0): Cross-sector indicators,JOR: Jordan,"ECD_CHLD_36-59M_LMPSL: Percentage of children (aged 36-59 months) developmentally on track in at least 3 of the 4 following domains: literacy-numeracy, physical, social-emotional and learning",F: Female,2018,75.8,,PCNT: %,RA: Reanalysed,F: Free,,,,A proxy ECDI (old); Based on the youngest child aged 36-59 months living with mother,,DHS 2017-18,,,EOF: End of fieldwork,,2017-18,M36T59: 36 to 59 months old
UNICEF:GLOBAL_DATAFLOW(1.0): Cross-sector indicators,JOR: Jordan,"ECD_CHLD_36-59M_LMPSL: Percentage of children (aged 36-59 months) developmentally on track in at least 3 of the 4 following domains: literacy-numeracy, physical, social-emotional and learning",M: Male,2018,66.1,,PCNT: %,RA: Reanalysed,F: Free,,,,A proxy ECDI (old); Based on the youngest child aged 36-59 months living with mother,,DHS 2017-18,,,EOF: End of fieldwork,,2017-18,M36T59: 36 to 59 months old
UNICEF:GLOBAL_DATAFLOW(1.0): Cross-sector indicators,JOR: Jordan,"ECD_CHLD_36-59M_LMPSL: Percentage of children (aged 36-59 months) developmentally on track in at least 3 of the 4 following domains: literacy-numeracy, physical, social-emotional and learning",_T: Total,2018,70.7,,PCNT: %,RA: Reanalysed,F: Free,,,,A proxy ECDI (old); Based on the youngest child aged 36-59 months living with mother,,DHS 2017-18,,,EOF: End of fieldwork,,2017-18,M36T59: 36 to 59 months old
UNICEF:GLOBAL_DATAFLOW(1.0): Cross-sector indicators,KIR: Kiribati,"ECD_CHLD_36-59M_LMPSL: Percentage of children (aged 36-59 months) developmentally on track in at least 3 of the 4 following domains: literacy-numeracy, physical, social-emotional and learning",F: Female,2019,81.9,,PCNT: %,RP: Reported,F: Free,,,,A proxy ECDI (old),,MICS 2018-19,,,EOF: End of fieldwork,,2018-19,M36T59: 36 to 59 months old
UNICEF:GLOBAL_DATAFLOW(1.0): Cross-sector indicators,KIR: Kiribati,"ECD_CHLD_36-59M_LMPSL: Percentage of children (aged 36-59 months) developmentally on track in at least 3 of the 4 following domains: literacy-numeracy, physical, social-emotional and learning",M: Male,2019,77.9,,PCNT: %,RP: Reported,F: Free,,,,A proxy ECDI (old),,MICS 2018-19,,,EOF: End of fieldwork,,2018-19,M36T59: 36 to 59 months old
UNICEF:GLOBAL_DATAFLOW(1.0): Cross-sector indicators,KIR: Kiribati,"ECD_CHLD_36-59M_LMPSL: Percentage of children (aged 36-59 months) developmentally on track in at least 3 of the 4 following domains: literacy-numeracy, physical, social-emotional and learning",_T: Total,2019,79.9,,PCNT: %,RP: Reported,F: Free,,,,A proxy ECDI (old),,MICS 2018-19,,,EOF: End of fieldwork,,2018-19,M36T59: 36 to 59 months old
UNICEF:GLOBAL_DATAFLOW(1.0): Cross-sector indicators,KGZ: Kyrgyzstan,"ECD_CHLD_36-59M_LMPSL: Percentage of children (aged 36-59 months) developmentally on track in at least 3 of the 4 following domains: literacy-numeracy, physical, social-emotional and learning",F: Female,2018,75,,PCNT: %,RP: Reported,F: Free,,,,A proxy ECDI (old),,MICS 2018,,,EOF: End of fieldwork,,2018,M36T59: 36 to 59 months old
UNICEF:GLOBAL_DATAFLOW(1.0): Cross-sector indicators,KGZ: Kyrgyzstan,"ECD_CHLD_36-59M_LMPSL: Percentage of children (aged 36-59 months) developmentally on track in at least 3 of the 4 following domains: literacy-numeracy, physical, social-emotional and learning",M: Male,2018,68.2,,PCNT: %,RP: Reported,F: Free,,,,A proxy ECDI (old),,MICS 2018,,,EOF: End of fieldwork,,2018,M36T59: 36 to 59 months old
UNICEF:GLOBAL_DATAFLOW(1.0): Cross-sector indicators,KGZ: Kyrgyzstan,"ECD_CHLD_36-59M_LMPSL: Percentage of children (aged 36-59 months) developmentally on track in at least 3 of the 4 following domains: literacy-numeracy, physical, social-emotional and learning",_T: Total,2018,71.7,,PCNT: %,RP: Reported,F: Free,,,,A proxy ECDI (old),,MICS 2018,,,EOF: End of fieldwork,,2018,M36T59: 36 to 59 months old
UNICEF:GLOBAL_DATAFLOW(1.0): Cross-sector indicators,LAO: Lao People's Democratic Republic,"ECD_CHLD_36-59M_LMPSL: Percentage of children (aged 36-59 months) developmentally on track in at least 3 of the 4 following domains: literacy-numeracy, physical, social-emotional and learning",F: Female,2017,90.6,,PCNT: %,RP: Reported,F: Free,,,,A proxy ECDI (old),,MICS 2017,,,EOF: End of fieldwork,,2017,M36T59: 36 to 59 months old
UNICEF:GLOBAL_DATAFLOW(1.0): Cross-sector indicators,LAO: Lao People's Democratic Republic,"ECD_CHLD_36-59M_LMPSL: Percentage of children (aged 36-59 months) developmentally on track in at least 3 of the 4 following domains: literacy-numeracy, physical, social-emotional and learning",M: Male,2017,87.7,,PCNT: %,RP: Reported,F: Free,,,,A proxy ECDI (old),,MICS 2017,,,EOF: End of fieldwork,,2017,M36T59: 36 to 59 months old
UNICEF:GLOBAL_DATAFLOW(1.0): Cross-sector indicators,LAO: Lao People's Democratic Republic,"ECD_CHLD_36-59M_LMPSL: Percentage of children (aged 36-59 months) developmentally on track in at least 3 of the 4 following domains: literacy-numeracy, physical, social-emotional and learning",_T: Total,2017,89.1,,PCNT: %,RP: Reported,F: Free,,,,A proxy ECDI (old),,MICS 2017,,,EOF: End of fieldwork,,2017,M36T59: 36 to 59 months old
UNICEF:GLOBAL_DATAFLOW(1.0): Cross-sector indicators,UNSDG_LDC: Least developed countries,"ECD_CHLD_36-59M_LMPSL: Percentage of children (aged 36-59 months) developmentally on track in at least 3 of the 4 following domains: literacy-numeracy, physical, social-emotional and learning",F: Female,2023,59.94,,PCNT: %,E: Estimated value,F: Free,,,,Based on 29 countries with a population coverage 59 per cent of the regional population of girls aged 3-4 years,,"DHS, MICS and other national surveys",,,EOF: End of fieldwork,,2015-23,M36T59: 36 to 59 months old
UNICEF:GLOBAL_DATAFLOW(1.0): Cross-sector indicators,UNSDG_LDC: Least developed countries,"ECD_CHLD_36-59M_LMPSL: Percentage of children (aged 36-59 months) developmentally on track in at least 3 of the 4 following domains: literacy-numeracy, physical, social-emotional and learning",M: Male,2023,55.93,,PCNT: %,E: Estimated value,F: Free,,,,Based on 29 countries with a population coverage 59 per cent of the regional population of boys aged 3-4 years,,"DHS, MICS and other national surveys",,,EOF: End of fieldwork,,2015-23,M36T59: 36 to 59 months old
UNICEF:GLOBAL_DATAFLOW(1.0): Cross-sector indicators,UNSDG_LDC: Least developed countries,"ECD_CHLD_36-59M_LMPSL: Percentage of children (aged 36-59 months) developmentally on track in at least 3 of the 4 following domains: literacy-numeracy, physical, social-emotional and learning",_T: Total,2023,57.891,,PCNT: %,E: Estimated value,F: Free,,,,Based on 29 countries with a population coverage 59 per cent of the regional population aged 3-4 years,,"DHS, MICS and other national surveys",,,EOF: End of fieldwork,,2015-23,M36T59: 36 to 59 months old
UNICEF:GLOBAL_DATAFLOW(1.0): Cross-sector indicators,LSO: Lesotho,"ECD_CHLD_36-59M_LMPSL: Percentage of children (aged 36-59 months) developmentally on track in at least 3 of the 4 following domains: literacy-numeracy, physical, social-emotional and learning",F: Female,2018,77.7,,PCNT: %,RP: Reported,F: Free,,,,A proxy ECDI (old),,MICS 2018,,,EOF: End of fieldwork,,2018,M36T59: 36 to 59 months old
UNICEF:GLOBAL_DATAFLOW(1.0): Cross-sector indicators,LSO: Lesotho,"ECD_CHLD_36-59M_LMPSL: Percentage of children (aged 36-59 months) developmentally on track in at least 3 of the 4 following domains: literacy-numeracy, physical, social-emotional and learning",M: Male,2018,68.1,,PCNT: %,RP: Reported,F: Free,,,,A proxy ECDI (old),,MICS 2018,,,EOF: End of fieldwork,,2018,M36T59: 36 to 59 months old
UNICEF:GLOBAL_DATAFLOW(1.0): Cross-sector indicators,LSO: Lesotho,"ECD_CHLD_36-59M_LMPSL: Percentage of children (aged 36-59 months) developmentally on track in at least 3 of the 4 following domains: literacy-numeracy, physical, social-emotional and learning",_T: Total,2018,73.1,,PCNT: %,RP: Reported,F: Free,,,,A proxy ECDI (old),,MICS 2018,,,EOF: End of fieldwork,,2018,M36T59: 36 to 59 months old
UNICEF:GLOBAL_DATAFLOW(1.0): Cross-sector indicators,MDG: Madagascar,"ECD_CHLD_36-59M_LMPSL: Percentage of children (aged 36-59 months) developmentally on track in at least 3 of the 4 following domains: literacy-numeracy, physical, social-emotional and learning",F: Female,2018,67.8,,PCNT: %,RP: Reported,F: Free,,,,A proxy ECDI (old),,MICS 2018,,,EOF: End of fieldwork,,2018,M36T59: 36 to 59 months old
UNICEF:GLOBAL_DATAFLOW(1.0): Cross-sector indicators,MDG: Madagascar,"ECD_CHLD_36-59M_LMPSL: Percentage of children (aged 36-59 months) developmentally on track in at least 3 of the 4 following domains: literacy-numeracy, physical, social-emotional and learning",M: Male,2018,65.3,,PCNT: %,RP: Reported,F: Free,,,,A proxy ECDI (old),,MICS 2018,,,EOF: End of fieldwork,,2018,M36T59: 36 to 59 months old
UNICEF:GLOBAL_DATAFLOW(1.0): Cross-sector indicators,MDG: Madagascar,"ECD_CHLD_36-59M_LMPSL: Percentage of children (aged 36-59 months) developmentally on track in at least 3 of the 4 following domains: literacy-numeracy, physical, social-emotional and learning",_T: Total,2018,66.5,,PCNT: %,RP: Reported,F: Free,,,,A proxy ECDI (old),,MICS 2018,,,EOF: End of fieldwork,,2018,M36T59: 36 to 59 months old
UNICEF:GLOBAL_DATAFLOW(1.0): Cross-sector indicators,MWI: Malawi,"ECD_CHLD_36-59M_LMPSL: Percentage of children (aged 36-59 months) developmentally on track in at least 3 of the 4 following domains: literacy-numeracy, physical, social-emotional and learning",F: Female,2020,61.5,,PCNT: %,RP: Reported,F: Free,,,,A proxy ECDI (old),,MICS 2019-20,,,EOF: End of fieldwork,,2019-20,M36T59: 36 to 59 months old
UNICEF:GLOBAL_DATAFLOW(1.0): Cross-sector indicators,MWI: Malawi,"ECD_CHLD_36-59M_LMPSL: Percentage of children (aged 36-59 months) developmentally on track in at least 3 of the 4 following domains: literacy-numeracy, physical, social-emotional and learning",M: Male,2020,55.5,,PCNT: %,RP: Reported,F: Free,,,,A proxy ECDI (old),,MICS 2019-20,,,EOF: End of fieldwork,,2019-20,M36T59: 36 to 59 months old
UNICEF:GLOBAL_DATAFLOW(1.0): Cross-sector indicators,MWI: Malawi,"ECD_CHLD_36-59M_LMPSL: Percentage of children (aged 36-59 months) developmentally on track in at least 3 of the 4 following domains: literacy-numeracy, physical, social-emotional and learning",_T: Total,2020,58.6,,PCNT: %,RP: Reported,F: Free,,,,A proxy ECDI (old),,MICS 2019-20,,,EOF: End of fieldwork,,2019-20,M36T59: 36 to 59 months old
UNICEF:GLOBAL_DATAFLOW(1.0): Cross-sector indicators,MDV: Maldives,"ECD_CHLD_36-59M_LMPSL: Percentage of children (aged 36-59 months) developmentally on track in at least 3 of the 4 following domains: literacy-numeracy, physical, social-emotional and learning",F: Female,2017,95,,PCNT: %,RA: Reanalysed,F: Free,,,,A proxy ECDI (old); Based on youngest child aged 36-59 months living with mother,,DHS 2016-17,,,EOF: End of fieldwork,,2016-17,M36T59: 36 to 59 months old
UNICEF:GLOBAL_DATAFLOW(1.0): Cross-sector indicators,MDV: Maldives,"ECD_CHLD_36-59M_LMPSL: Percentage of children (aged 36-59 months) developmentally on track in at least 3 of the 4 following domains: literacy-numeracy, physical, social-emotional and learning",M: Male,2017,91.3,,PCNT: %,RA: Reanalysed,F: Free,,,,A proxy ECDI (old); Based on youngest child aged 36-59 months living with mother,,DHS 2016-17,,,EOF: End of fieldwork,,2016-17,M36T59: 36 to 59 months old
UNICEF:GLOBAL_DATAFLOW(1.0): Cross-sector indicators,MDV: Maldives,"ECD_CHLD_36-59M_LMPSL: Percentage of children (aged 36-59 months) developmentally on track in at least 3 of the 4 following domains: literacy-numeracy, physical, social-emotional and learning",_T: Total,2017,93,,PCNT: %,RA: Reanalysed,F: Free,,,,A proxy ECDI (old); Based on youngest child aged 36-59 months living with mother,,DHS 2016-17,,,EOF: End of fieldwork,,2016-17,M36T59: 36 to 59 months old
UNICEF:GLOBAL_DATAFLOW(1.0): Cross-sector indicators,MHL: Marshall Islands,"ECD_CHLD_36-59M_LMPSL: Percentage of children (aged 36-59 months) developmentally on track in at least 3 of the 4 following domains: literacy-numeracy, physical, social-emotional and learning",F: Female,2017,78.2,,PCNT: %,RP: Reported,F: Free,,,,A proxy ECDI (old),,ICHNS 2017,,,EOF: End of fieldwork,,2017,M36T59: 36 to 59 months old
UNICEF:GLOBAL_DATAFLOW(1.0): Cross-sector indicators,MHL: Marshall Islands,"ECD_CHLD_36-59M_LMPSL: Percentage of children (aged 36-59 months) developmentally on track in at least 3 of the 4 following domains: literacy-numeracy, physical, social-emotional and learning",M: Male,2017,79.6,,PCNT: %,RP: Reported,F: Free,,,,A proxy ECDI (old),,ICHNS 2017,,,EOF: End of fieldwork,,2017,M36T59: 36 to 59 months old
UNICEF:GLOBAL_DATAFLOW(1.0): Cross-sector indicators,MHL: Marshall Islands,"ECD_CHLD_36-59M_LMPSL: Percentage of children (aged 36-59 months) developmentally on track in at least 3 of the 4 following domains: literacy-numeracy, physical, social-emotional and learning",_T: Total,2017,78.9,,PCNT: %,RP: Reported,F: Free,,,,A proxy ECDI (old),,ICHNS 2017,,,EOF: End of fieldwork,,2017,M36T59: 36 to 59 months old
UNICEF:GLOBAL_DATAFLOW(1.0): Cross-sector indicators,MNG: Mongolia,"ECD_CHLD_36-59M_LMPSL: Percentage of children (aged 36-59 months) developmentally on track in at least 3 of the 4 following domains: literacy-numeracy, physical, social-emotional and learning",F: Female,2018,80,,PCNT: %,RP: Reported,F: Free,,,,A proxy ECDI (old),,MICS 2018,,,EOF: End of fieldwork,,2018,M36T59: 36 to 59 months old
UNICEF:GLOBAL_DATAFLOW(1.0): Cross-sector indicators,MNG: Mongolia,"ECD_CHLD_36-59M_LMPSL: Percentage of children (aged 36-59 months) developmentally on track in at least 3 of the 4 following domains: literacy-numeracy, physical, social-emotional and learning",M: Male,2018,71.8,,PCNT: %,RP: Reported,F: Free,,,,A proxy ECDI (old),,MICS 2018,,,EOF: End of fieldwork,,2018,M36T59: 36 to 59 months old
UNICEF:GLOBAL_DATAFLOW(1.0): Cross-sector indicators,MNG: Mongolia,"ECD_CHLD_36-59M_LMPSL: Percentage of children (aged 36-59 months) developmentally on track in at least 3 of the 4 following domains: literacy-numeracy, physical, social-emotional and learning",_T: Total,2018,75.7,,PCNT: %,RP: Reported,F: Free,,,,A proxy ECDI (old),,MICS 2018,,,EOF: End of fieldwork,,2018,M36T59: 36 to 59 months old
UNICEF:GLOBAL_DATAFLOW(1.0): Cross-sector indicators,MNE: Montenegro,"ECD_CHLD_36-59M_LMPSL: Percentage of children (aged 36-59 months) developmentally on track in at least 3 of the 4 following domains: literacy-numeracy, physical, social-emotional and learning",F: Female,2018,90.6,,PCNT: %,RP: Reported,F: Free,,,,A proxy ECDI (old),,MICS 2018,,,EOF: End of fieldwork,,2018,M36T59: 36 to 59 months old
UNICEF:GLOBAL_DATAFLOW(1.0): Cross-sector indicators,MNE: Montenegro,"ECD_CHLD_36-59M_LMPSL: Percentage of children (aged 36-59 months) developmentally on track in at least 3 of the 4 following domains: literacy-numeracy, physical, social-emotional and learning",M: Male,2018,90,,PCNT: %,RP: Reported,F: Free,,,,A proxy ECDI (old),,MICS 2018,,,EOF: End of fieldwork,,2018,M36T59: 36 to 59 months old
UNICEF:GLOBAL_DATAFLOW(1.0): Cross-sector indicators,MNE: Montenegro,"ECD_CHLD_36-59M_LMPSL: Percentage of children (aged 36-59 months) developmentally on track in at least 3 of the 4 following domains: literacy-numeracy, physical, social-emotional and learning",_T: Total,2018,90.2,,PCNT: %,RP: Reported,F: Free,,,,A proxy ECDI (old),,MICS 2018,,,EOF: End of fieldwork,,2018,M36T59: 36 to 59 months old
UNICEF:GLOBAL_DATAFLOW(1.0): Cross-sector indicators,NPL: Nepal,"ECD_CHLD_36-59M_LMPSL: Percentage of children (aged 36-59 months) developmentally on track in at least 3 of the 4 following domains: literacy-numeracy, physical, social-emotional and learning",F: Female,2019,65.6,,PCNT: %,RP: Reported,F: Free,,,,A proxy ECDI (old),,MICS 2019,,,EOF: End of fieldwork,,2019,M36T59: 36 to 59 months old
UNICEF:GLOBAL_DATAFLOW(1.0): Cross-sector indicators,NPL: Nepal,"ECD_CHLD_36-59M_LMPSL: Percentage of children (aged 36-59 months) developmentally on track in at least 3 of the 4 following domains: literacy-numeracy, physical, social-emotional and learning",M: Male,2019,64.8,,PCNT: %,RP: Reported,F: Free,,,,A proxy ECDI (old),,MICS 2019,,,EOF: End of fieldwork,,2019,M36T59: 36 to 59 months old
UNICEF:GLOBAL_DATAFLOW(1.0): Cross-sector indicators,NPL: Nepal,"ECD_CHLD_36-59M_LMPSL: Percentage of children (aged 36-59 months) developmentally on track in at least 3 of the 4 following domains: literacy-numeracy, physical, social-emotional and learning",_T: Total,2019,65.2,,PCNT: %,RP: Reported,F: Free,,,,A proxy ECDI (old),,MICS 2019,,,EOF: End of fieldwork,,2019,M36T59: 36 to 59 months old
UNICEF:GLOBAL_DATAFLOW(1.0): Cross-sector indicators,MKD: North Macedonia,"ECD_CHLD_36-59M_LMPSL: Percentage of children (aged 36-59 months) developmentally on track in at least 3 of the 4 following domains: literacy-numeracy, physical, social-emotional and learning",F: Female,2019,89.3,,PCNT: %,RP: Reported,F: Free,,,,A proxy ECDI (old),,MICS 2018-19,,,EOF: End of fieldwork,,2018-19,M36T59: 36 to 59 months old
UNICEF:GLOBAL_DATAFLOW(1.0): Cross-sector indicators,MKD: North Macedonia,"ECD_CHLD_36-59M_LMPSL: Percentage of children (aged 36-59 months) developmentally on track in at least 3 of the 4 following domains: literacy-numeracy, physical, social-emotional and learning",M: Male,2019,75.9,,PCNT: %,RP: Reported,F: Free,,,,A proxy ECDI (old),,MICS 2018-19,,,EOF: End of fieldwork,,2018-19,M36T59: 36 to 59 months old
UNICEF:GLOBAL_DATAFLOW(1.0): Cross-sector indicators,MKD: North Macedonia,"ECD_CHLD_36-59M_LMPSL: Percentage of children (aged 36-59 months) developmentally on track in at least 3 of the 4 following domains: literacy-numeracy, physical, social-emotional and learning",_T: Total,2019,81.8,,PCNT: %,RP: Reported,F: Free,,,,A proxy ECDI (old),,MICS 2018-19,,,EOF: End of fieldwork,,2018-19,M36T59: 36 to 59 months old
UNICEF:GLOBAL_DATAFLOW(1.0): Cross-sector indicators,PRY: Paraguay,"ECD_CHLD_36-59M_LMPSL: Percentage of children (aged 36-59 months) developmentally on track in at least 3 of the 4 following domains: literacy-numeracy, physical, social-emotional and learning",F: Female,2016,83.6,,PCNT: %,RP: Reported,F: Free,,,,A proxy ECDI (old),,MICS 2016,,,EOF: End of fieldwork,,2016,M36T59: 36 to 59 months old
UNICEF:GLOBAL_DATAFLOW(1.0): Cross-sector indicators,PRY: Paraguay,"ECD_CHLD_36-59M_LMPSL: Percentage of children (aged 36-59 months) developmentally on track in at least 3 of the 4 following domains: literacy-numeracy, physical, social-emotional and learning",M: Male,2016,80.4,,PCNT: %,RP: Reported,F: Free,,,,A proxy ECDI (old),,MICS 2016,,,EOF: End of fieldwork,,2016,M36T59: 36 to 59 months old
UNICEF:GLOBAL_DATAFLOW(1.0): Cross-sector indicators,PRY: Paraguay,"ECD_CHLD_36-59M_LMPSL: Percentage of children (aged 36-59 months) developmentally on track in at least 3 of the 4 following domains: literacy-numeracy, physical, social-emotional and learning",_T: Total,2016,81.9,,PCNT: %,RP: Reported,F: Free,,,,A proxy ECDI (old),,MICS 2016,,,EOF: End of fieldwork,,2016,M36T59: 36 to 59 months old
UNICEF:GLOBAL_DATAFLOW(1.0): Cross-sector indicators,RWA: Rwanda,"ECD_CHLD_36-59M_LMPSL: Percentage of children (aged 36-59 months) developmentally on track in at least 3 of the 4 following domains: literacy-numeracy, physical, social-emotional and learning",F: Female,2020,84.5,,PCNT: %,RA: Reanalysed,F: Free,,,,A proxy ECDI (old); Based on youngest child aged 36-59 months,,DHS 2019-20,,,EOF: End of fieldwork,,2019-20,M36T59: 36 to 59 months old
UNICEF:GLOBAL_DATAFLOW(1.0): Cross-sector indicators,RWA: Rwanda,"ECD_CHLD_36-59M_LMPSL: Percentage of children (aged 36-59 months) developmentally on track in at least 3 of the 4 following domains: literacy-numeracy, physical, social-emotional and learning",M: Male,2020,80.4,,PCNT: %,RA: Reanalysed,F: Free,,,,A proxy ECDI (old); Based on youngest child aged 36-59 months,,DHS 2019-20,,,EOF: End of fieldwork,,2019-20,M36T59: 36 to 59 months old
UNICEF:GLOBAL_DATAFLOW(1.0): Cross-sector indicators,RWA: Rwanda,"ECD_CHLD_36-59M_LMPSL: Percentage of children (aged 36-59 months) developmentally on track in at least 3 of the 4 following domains: literacy-numeracy, physical, social-emotional and learning",_T: Total,2020,82.4,,PCNT: %,RA: Reanalysed,F: Free,,,,A proxy ECDI (old); Based on youngest child aged 36-59 months,,DHS 2019-20,,,EOF: End of fieldwork,,2019-20,M36T59: 36 to 59 months old
UNICEF:GLOBAL_DATAFLOW(1.0): Cross-sector indicators,WSM: Samoa,"ECD_CHLD_36-59M_LMPSL: Percentage of children (aged 36-59 months) developmentally on track in at least 3 of the 4 following domains: literacy-numeracy, physical, social-emotional and learning",F: Female,2020,76.8,,PCNT: %,RP: Reported,F: Free,,,,A proxy ECDI (old),,MICS 2019-20,,,EOF: End of fieldwork,,2019-20,M36T59: 36 to 59 months old
UNICEF:GLOBAL_DATAFLOW(1.0): Cross-sector indicators,WSM: Samoa,"ECD_CHLD_36-59M_LMPSL: Percentage of children (aged 36-59 months) developmentally on track in at least 3 of the 4 following domains: literacy-numeracy, physical, social-emotional and learning",M: Male,2020,70.4,,PCNT: %,RP: Reported,F: Free,,,,A proxy ECDI (old),,MICS 2019-20,,,EOF: End of fieldwork,,2019-20,M36T59: 36 to 59 months old
UNICEF:GLOBAL_DATAFLOW(1.0): Cross-sector indicators,WSM: Samoa,"ECD_CHLD_36-59M_LMPSL: Percentage of children (aged 36-59 months) developmentally on track in at least 3 of the 4 following domains: literacy-numeracy, physical, social-emotional and learning",_T: Total,2020,73.3,,PCNT: %,RP: Reported,F: Free,,,,A proxy ECDI (old),,MICS 2019-20,,,EOF: End of fieldwork,,2019-20,M36T59: 36 to 59 months old
UNICEF:GLOBAL_DATAFLOW(1.0): Cross-sector indicators,STP: Sao Tome and Principe,"ECD_CHLD_36-59M_LMPSL: Percentage of children (aged 36-59 months) developmentally on track in at least 3 of the 4 following domains: literacy-numeracy, physical, social-emotional and learning",F: Female,2019,66.5,,PCNT: %,RP: Reported,F: Free,,,,A proxy ECDI (old),,MICS 2019,,,EOF: End of fieldwork,,2019,M36T59: 36 to 59 months old
UNICEF:GLOBAL_DATAFLOW(1.0): Cross-sector indicators,STP: Sao Tome and Principe,"ECD_CHLD_36-59M_LMPSL: Percentage of children (aged 36-59 months) developmentally on track in at least 3 of the 4 following domains: literacy-numeracy, physical, social-emotional and learning",M: Male,2019,59.1,,PCNT: %,RP: Reported,F: Free,,,,A proxy ECDI (old),,MICS 2019,,,EOF: End of fieldwork,,2019,M36T59: 36 to 59 months old
UNICEF:GLOBAL_DATAFLOW(1.0): Cross-sector indicators,STP: Sao Tome and Principe,"ECD_CHLD_36-59M_LMPSL: Percentage of children (aged 36-59 months) developmentally on track in at least 3 of the 4 following domains: literacy-numeracy, physical, social-emotional and learning",_T: Total,2019,62.9,,PCNT: %,RP: Reported,F: Free,,,,A proxy ECDI (old),,MICS 2019,,,EOF: End of fieldwork,,2019,M36T59: 36 to 59 months old
UNICEF:GLOBAL_DATAFLOW(1.0): Cross-sector indicators,SEN: Senegal,"ECD_CHLD_36-59M_LMPSL: Percentage of children (aged 36-59 months) developmentally on track in at least 3 of the 4 following domains: literacy-numeracy, physical, social-emotional and learning",F: Female,2019,67.5,,PCNT: %,RP: Reported,F: Free,,,,A proxy ECDI (old); Based on youngest child age 36-59 months,,DHS 2019,,,EOF: End of fieldwork,,2019,M36T59: 36 to 59 months old
UNICEF:GLOBAL_DATAFLOW(1.0): Cross-sector indicators,SEN: Senegal,"ECD_CHLD_36-59M_LMPSL: Percentage of children (aged 36-59 months) developmentally on track in at least 3 of the 4 following domains: literacy-numeracy, physical, social-emotional and learning",M: Male,2019,66.3,,PCNT: %,RP: Reported,F: Free,,,,A proxy ECDI (old); Based on youngest child age 36-59 months,,DHS 2019,,,EOF: End of fieldwork,,2019,M36T59: 36 to 59 months old
UNICEF:GLOBAL_DATAFLOW(1.0): Cross-sector indicators,SEN: Senegal,"ECD_CHLD_36-59M_LMPSL: Percentage of children (aged 36-59 months) developmentally on track in at least 3 of the 4 following domains: literacy-numeracy, physical, social-emotional and learning",_T: Total,2019,66.9,,PCNT: %,RP: Reported,F: Free,,,,A proxy ECDI (old); Based on youngest child age 36-59 months,,DHS 2019,,,EOF: End of fieldwork,,2019,M36T59: 36 to 59 months old
UNICEF:GLOBAL_DATAFLOW(1.0): Cross-sector indicators,SRB: Serbia,"ECD_CHLD_36-59M_LMPSL: Percentage of children (aged 36-59 months) developmentally on track in at least 3 of the 4 following domains: literacy-numeracy, physical, social-emotional and learning",F: Female,2019,98.5,,PCNT: %,RP: Reported,F: Free,,,,A proxy ECDI (old),,MICS 2019,,,EOF: End of fieldwork,,2019,M36T59: 36 to 59 months old
UNICEF:GLOBAL_DATAFLOW(1.0): Cross-sector indicators,SRB: Serbia,"ECD_CHLD_36-59M_LMPSL: Percentage of children (aged 36-59 months) developmentally on track in at least 3 of the 4 following domains: literacy-numeracy, physical, social-emotional and learning",M: Male,2019,95.9,,PCNT: %,RP: Reported,F: Free,,,,A proxy ECDI (old),,MICS 2019,,,EOF: End of fieldwork,,2019,M36T59: 36 to 59 months old
UNICEF:GLOBAL_DATAFLOW(1.0): Cross-sector indicators,SRB: Serbia,"ECD_CHLD_36-59M_LMPSL: Percentage of children (aged 36-59 months) developmentally on track in at least 3 of the 4 following domains: literacy-numeracy, physical, social-emotional and learning",_T: Total,2019,97.2,,PCNT: %,RP: Reported,F: Free,,,,A proxy ECDI (old),,MICS 2019,,,EOF: End of fieldwork,,2019,M36T59: 36 to 59 months old
UNICEF:GLOBAL_DATAFLOW(1.0): Cross-sector indicators,SLE: Sierra Leone,"ECD_CHLD_36-59M_LMPSL: Percentage of children (aged 36-59 months) developmentally on track in at least 3 of the 4 following domains: literacy-numeracy, physical, social-emotional and learning",F: Female,2017,55,,PCNT: %,RP: Reported,F: Free,,,,A proxy ECDI (old),,MICS 2017,,,EOF: End of fieldwork,,2017,M36T59: 36 to 59 months old
UNICEF:GLOBAL_DATAFLOW(1.0): Cross-sector indicators,SLE: Sierra Leone,"ECD_CHLD_36-59M_LMPSL: Percentage of children (aged 36-59 months) developmentally on track in at least 3 of the 4 following domains: literacy-numeracy, physical, social-emotional and learning",M: Male,2017,47.7,,PCNT: %,RP: Reported,F: Free,,,,A proxy ECDI (old),,MICS 2017,,,EOF: End of fieldwork,,2017,M36T59: 36 to 59 months old
UNICEF:GLOBAL_DATAFLOW(1.0): Cross-sector indicators,SLE: Sierra Leone,"ECD_CHLD_36-59M_LMPSL: Percentage of children (aged 36-59 months) developmentally on track in at least 3 of the 4 following domains: literacy-numeracy, physical, social-emotional and learning",_T: Total,2017,51.4,,PCNT: %,RP: Reported,F: Free,,,,A proxy ECDI (old),,MICS 2017,,,EOF: End of fieldwork,,2017,M36T59: 36 to 59 months old
UNICEF:GLOBAL_DATAFLOW(1.0): Cross-sector indicators,PSE: State of Palestine,"ECD_CHLD_36-59M_LMPSL: Percentage of children (aged 36-59 months) developmentally on track in at least 3 of the 4 following domains: literacy-numeracy, physical, social-emotional and learning",F: Female,2020,86.2,,PCNT: %,RP: Reported,F: Free,,,,A proxy ECDI (old),,MICS 2019-20,,,EOF: End of fieldwork,,2019-20,M36T59: 36 to 59 months old
UNICEF:GLOBAL_DATAFLOW(1.0): Cross-sector indicators,PSE: State of Palestine,"ECD_CHLD_36-59M_LMPSL: Percentage of children (aged 36-59 months) developmentally on track in at least 3 of the 4 following domains: literacy-numeracy, physical, social-emotional and learning",M: Male,2020,81.7,,PCNT: %,RP: Reported,F: Free,,,,A proxy ECDI (old),,MICS 2019-20,,,EOF: End of fieldwork,,2019-20,M36T59: 36 to 59 months old
UNICEF:GLOBAL_DATAFLOW(1.0): Cross-sector indicators,PSE: State of Palestine,"ECD_CHLD_36-59M_LMPSL: Percentage of children (aged 36-59 months) developmentally on track in at least 3 of the 4 following domains: literacy-numeracy, physical, social-emotional and learning",_T: Total,2020,83.9,,PCNT: %,RP: Reported,F: Free,,,,A proxy ECDI (old),,MICS 2019-20,,,EOF: End of fieldwork,,2019-20,M36T59: 36 to 59 months old
UNICEF:GLOBAL_DATAFLOW(1.0): Cross-sector indicators,UNICEF_SSA: Sub-Saharan Africa,"ECD_CHLD_36-59M_LMPSL: Percentage of children (aged 36-59 months) developmentally on track in at least 3 of the 4 following domains: literacy-numeracy, physical, social-emotional and learning",F: Female,2023,56.899,,PCNT: %,E: Estimated value,F: Free,,,,Based on 28 countries with a population coverage 65 per cent of the regional population of girls aged 3-4 years,,"DHS, MICS and other national surveys",,,EOF: End of fieldwork,,2015-23,M36T59: 36 to 59 months old
UNICEF:GLOBAL_DATAFLOW(1.0): Cross-sector indicators,UNICEF_SSA: Sub-Saharan Africa,"ECD_CHLD_36-59M_LMPSL: Percentage of children (aged 36-59 months) developmentally on track in at least 3 of the 4 following domains: literacy-numeracy, physical, social-emotional and learning",M: Male,2023,53.415,,PCNT: %,E: Estimated value,F: Free,,,,Based on 28 countries with a population coverage 64 per cent of the regional population of boys aged 3-4 years,,"DHS, MICS and other national surveys",,,EOF: End of fieldwork,,2015-23,M36T59: 36 to 59 months old
UNICEF:GLOBAL_DATAFLOW(1.0): Cross-sector indicators,UNICEF_SSA: Sub-Saharan Africa,"ECD_CHLD_36-59M_LMPSL: Percentage of children (aged 36-59 months) developmentally on track in at least 3 of the 4 following domains: literacy-numeracy, physical, social-emotional and learning",_T: Total,2023,55.148,,PCNT: %,E: Estimated value,F: Free,,,,Based on 28 countries with a population coverage 65 per cent of the regional population aged 3-4 years,,"DHS, MICS and other national surveys",,,EOF: End of fieldwork,,2015-23,M36T59: 36 to 59 months old
UNICEF:GLOBAL_DATAFLOW(1.0): Cross-sector indicators,SUR: Suriname,"ECD_CHLD_36-59M_LMPSL: Percentage of children (aged 36-59 months) developmentally on track in at least 3 of the 4 following domains: literacy-numeracy, physical, social-emotional and learning",F: Female,2018,82.8,,PCNT: %,RP: Reported,F: Free,,,,A proxy ECDI (old),,MICS 2018,,,EOF: End of fieldwork,,2018,M36T59: 36 to 59 months old
UNICEF:GLOBAL_DATAFLOW(1.0): Cross-sector indicators,SUR: Suriname,"ECD_CHLD_36-59M_LMPSL: Percentage of children (aged 36-59 months) developmentally on track in at least 3 of the 4 following domains: literacy-numeracy, physical, social-emotional and learning",M: Male,2018,72.1,,PCNT: %,RP: Reported,F: Free,,,,A proxy ECDI (old),,MICS 2018,,,EOF: End of fieldwork,,2018,M36T59: 36 to 59 months old
UNICEF:GLOBAL_DATAFLOW(1.0): Cross-sector indicators,SUR: Suriname,"ECD_CHLD_36-59M_LMPSL: Percentage of children (aged 36-59 months) developmentally on track in at least 3 of the 4 following domains: literacy-numeracy, physical, social-emotional and learning",_T: Total,2018,77.4,,PCNT: %,RP: Reported,F: Free,,,,A proxy ECDI (old),,MICS 2018,,,EOF: End of fieldwork,,2018,M36T59: 36 to 59 months old
UNICEF:GLOBAL_DATAFLOW(1.0): Cross-sector indicators,TGO: Togo,"ECD_CHLD_36-59M_LMPSL: Percentage of children (aged 36-59 months) developmentally on track in at least 3 of the 4 following domains: literacy-numeracy, physical, social-emotional and learning",F: Female,2017,55.4,,PCNT: %,RP: Reported,F: Free,,,,A proxy ECDI (old),,MICS 2017,,,EOF: End of fieldwork,,2017,M36T59: 36 to 59 months old
UNICEF:GLOBAL_DATAFLOW(1.0): Cross-sector indicators,TGO: Togo,"ECD_CHLD_36-59M_LMPSL: Percentage of children (aged 36-59 months) developmentally on track in at least 3 of the 4 following domains: literacy-numeracy, physical, social-emotional and learning",M: Male,2017,49.7,,PCNT: %,RP: Reported,F: Free,,,,A proxy ECDI (old),,MICS 2017,,,EOF: End of fieldwork,,2017,M36T59: 36 to 59 months old
UNICEF:GLOBAL_DATAFLOW(1.0): Cross-sector indicators,TGO: Togo,"ECD_CHLD_36-59M_LMPSL: Percentage of children (aged 36-59 months) developmentally on track in at least 3 of the 4 following domains: literacy-numeracy, physical, social-emotional and learning",_T: Total,2017,52.4,,PCNT: %,RP: Reported,F: Free,,,,A proxy ECDI (old),,MICS 2017,,,EOF: End of fieldwork,,2017,M36T59: 36 to 59 months old
UNICEF:GLOBAL_DATAFLOW(1.0): Cross-sector indicators,TON: Tonga,"ECD_CHLD_36-59M_LMPSL: Percentage of children (aged 36-59 months) developmentally on track in at least 3 of the 4 following domains: literacy-numeracy, physical, social-emotional and learning",F: Female,2019,78.6,,PCNT: %,RP: Reported,F: Free,,,,A proxy ECDI (old),,MICS 2019,,,EOF: End of fieldwork,,2019,M36T59: 36 to 59 months old
UNICEF:GLOBAL_DATAFLOW(1.0): Cross-sector indicators,TON: Tonga,"ECD_CHLD_36-59M_LMPSL: Percentage of children (aged 36-59 months) developmentally on track in at least 3 of the 4 following domains: literacy-numeracy, physical, social-emotional and learning",M: Male,2019,78.6,,PCNT: %,RP: Reported,F: Free,,,,A proxy ECDI (old),,MICS 2019,,,EOF: End of fieldwork,,2019,M36T59: 36 to 59 months old
UNICEF:GLOBAL_DATAFLOW(1.0): Cross-sector indicators,TON: Tonga,"ECD_CHLD_36-59M_LMPSL: Percentage of children (aged 36-59 months) developmentally on track in at least 3 of the 4 following domains: literacy-numeracy, physical, social-emotional and learning",_T: Total,2019,78.6,,PCNT: %,RP: Reported,F: Free,,,,A proxy ECDI (old),,MICS 2019,,,EOF: End of fieldwork,,2019,M36T59: 36 to 59 months old
UNICEF:GLOBAL_DATAFLOW(1.0): Cross-sector indicators,TUN: Tunisia,"ECD_CHLD_36-59M_LMPSL: Percentage of children (aged 36-59 months) developmentally on track in at least 3 of the 4 following domains: literacy-numeracy, physical, social-emotional and learning",F: Female,2018,81.5,,PCNT: %,RP: Reported,F: Free,,,,A proxy ECDI (old),,MICS 2018,,,EOF: End of fieldwork,,2018,M36T59: 36 to 59 months old
UNICEF:GLOBAL_DATAFLOW(1.0): Cross-sector indicators,TUN: Tunisia,"ECD_CHLD_36-59M_LMPSL: Percentage of children (aged 36-59 months) developmentally on track in at least 3 of the 4 following domains: literacy-numeracy, physical, social-emotional and learning",M: Male,2018,83.2,,PCNT: %,RP: Reported,F: Free,,,,A proxy ECDI (old),,MICS 2018,,,EOF: End of fieldwork,,2018,M36T59: 36 to 59 months old
UNICEF:GLOBAL_DATAFLOW(1.0): Cross-sector indicators,TUN: Tunisia,"ECD_CHLD_36-59M_LMPSL: Percentage of children (aged 36-59 months) developmentally on track in at least 3 of the 4 following domains: literacy-numeracy, physical, social-emotional and learning",_T: Total,2018,82.3,,PCNT: %,RP: Reported,F: Free,,,,A proxy ECDI (old),,MICS 2018,,,EOF: End of fieldwork,,2018,M36T59: 36 to 59 months old
UNICEF:GLOBAL_DATAFLOW(1.0): Cross-sector indicators,TKM: Turkmenistan,"ECD_CHLD_36-59M_LMPSL: Percentage of children (aged 36-59 months) developmentally on track in at least 3 of the 4 following domains: literacy-numeracy, physical, social-emotional and learning",F: Female,2019,95.3,,PCNT: %,RP: Reported,F: Free,,,,A proxy ECDI (old),,MICS 2019,,,EOF: End of fieldwork,,2019,M36T59: 36 to 59 months old
UNICEF:GLOBAL_DATAFLOW(1.0): Cross-sector indicators,TKM: Turkmenistan,"ECD_CHLD_36-59M_LMPSL: Percentage of children (aged 36-59 months) developmentally on track in at least 3 of the 4 following domains: literacy-numeracy, physical, social-emotional and learning",M: Male,2019,94.7,,PCNT: %,RP: Reported,F: Free,,,,A proxy ECDI (old),,MICS 2019,,,EOF: End of fieldwork,,2019,M36T59: 36 to 59 months old
UNICEF:GLOBAL_DATAFLOW(1.0): Cross-sector indicators,TKM: Turkmenistan,"ECD_CHLD_36-59M_LMPSL: Percentage of children (aged 36-59 months) developmentally on track in at least 3 of the 4 following domains: literacy-numeracy, physical, social-emotional and learning",_T: Total,2019,95,,PCNT: %,RP: Reported,F: Free,,,,A proxy ECDI (old),,MICS 2019,,,EOF: End of fieldwork,,2019,M36T59: 36 to 59 months old
UNICEF:GLOBAL_DATAFLOW(1.0): Cross-sector indicators,TCA: Turks and Caicos Islands,"ECD_CHLD_36-59M_LMPSL: Percentage of children (aged 36-59 months) developmentally on track in at least 3 of the 4 following domains: literacy-numeracy, physical, social-emotional and learning",F: Female,2020,88.2,,PCNT: %,RP: Reported,F: Free,,,,A proxy ECDI (old),,MICS 2019-20,,,EOF: End of fieldwork,,2019-20,M36T59: 36 to 59 months old
UNICEF:GLOBAL_DATAFLOW(1.0): Cross-sector indicators,TCA: Turks and Caicos Islands,"ECD_CHLD_36-59M_LMPSL: Percentage of children (aged 36-59 months) developmentally on track in at least 3 of the 4 following domains: literacy-numeracy, physical, social-emotional and learning",M: Male,2020,93.5,,PCNT: %,RP: Reported,F: Free,,,,A proxy ECDI (old),,MICS 2019-20,,,EOF: End of fieldwork,,2019-20,M36T59: 36 to 59 months old
UNICEF:GLOBAL_DATAFLOW(1.0): Cross-sector indicators,TCA: Turks and Caicos Islands,"ECD_CHLD_36-59M_LMPSL: Percentage of children (aged 36-59 months) developmentally on track in at least 3 of the 4 following domains: literacy-numeracy, physical, social-emotional and learning",_T: Total,2020,91.1,,PCNT: %,RP: Reported,F: Free,,,,A proxy ECDI (old),,MICS 2019-20,,,EOF: End of fieldwork,,2019-20,M36T59: 36 to 59 months old
UNICEF:GLOBAL_DATAFLOW(1.0): Cross-sector indicators,TUV: Tuvalu,"ECD_CHLD_36-59M_LMPSL: Percentage of children (aged 36-59 months) developmentally on track in at least 3 of the 4 following domains: literacy-numeracy, physical, social-emotional and learning",F: Female,2020,67.2,,PCNT: %,RP: Reported,F: Free,,,,A proxy ECDI (old),,MICS 2019-20,,,EOF: End of fieldwork,,2019-20,M36T59: 36 to 59 months old
UNICEF:GLOBAL_DATAFLOW(1.0): Cross-sector indicators,TUV: Tuvalu,"ECD_CHLD_36-59M_LMPSL: Percentage of children (aged 36-59 months) developmentally on track in at least 3 of the 4 following domains: literacy-numeracy, physical, social-emotional and learning",M: Male,2020,69.7,,PCNT: %,RP: Reported,F: Free,,,,A proxy ECDI (old),,MICS 2019-20,,,EOF: End of fieldwork,,2019-20,M36T59: 36 to 59 months old
UNICEF:GLOBAL_DATAFLOW(1.0): Cross-sector indicators,TUV: Tuvalu,"ECD_CHLD_36-59M_LMPSL: Percentage of children (aged 36-59 months) developmentally on track in at least 3 of the 4 following domains: literacy-numeracy, physical, social-emotional and learning",_T: Total,2020,68.6,,PCNT: %,RP: Reported,F: Free,,,,A proxy ECDI (old),,MICS 2019-20,,,EOF: End of fieldwork,,2019-20,M36T59: 36 to 59 months old
UNICEF:GLOBAL_DATAFLOW(1.0): Cross-sector indicators,TUR: Trkiye,"ECD_CHLD_36-59M_LMPSL: Percentage of children (aged 36-59 months) developmentally on track in at least 3 of the 4 following domains: literacy-numeracy, physical, social-emotional and learning",F: Female,2018,78,,PCNT: %,RP: Reported,F: Free,,,,A proxy ECDI (old),,DHS 2018,,,EOF: End of fieldwork,,2018,M36T59: 36 to 59 months old
UNICEF:GLOBAL_DATAFLOW(1.0): Cross-sector indicators,TUR: Trkiye,"ECD_CHLD_36-59M_LMPSL: Percentage of children (aged 36-59 months) developmentally on track in at least 3 of the 4 following domains: literacy-numeracy, physical, social-emotional and learning",M: Male,2018,69.8,,PCNT: %,RP: Reported,F: Free,,,,A proxy ECDI (old),,DHS 2018,,,EOF: End of fieldwork,,2018,M36T59: 36 to 59 months old
UNICEF:GLOBAL_DATAFLOW(1.0): Cross-sector indicators,TUR: Trkiye,"ECD_CHLD_36-59M_LMPSL: Percentage of children (aged 36-59 months) developmentally on track in at least 3 of the 4 following domains: literacy-numeracy, physical, social-emotional and learning",_T: Total,2018,73.7,,PCNT: %,RP: Reported,F: Free,,,,A proxy ECDI (old),,DHS 2018,,,EOF: End of fieldwork,,2018,M36T59: 36 to 59 months old
UNICEF:GLOBAL_DATAFLOW(1.0): Cross-sector indicators,UGA: Uganda,"ECD_CHLD_36-59M_LMPSL: Percentage of children (aged 36-59 months) developmentally on track in at least 3 of the 4 following domains: literacy-numeracy, physical, social-emotional and learning",F: Female,2016,65.9,,PCNT: %,RA: Reanalysed,F: Free,,,,A proxy ECDI (old); Based on youngest child aged 36-59 months living with mother,,DHS 2016,,,EOF: End of fieldwork,,2016,M36T59: 36 to 59 months old
UNICEF:GLOBAL_DATAFLOW(1.0): Cross-sector indicators,UGA: Uganda,"ECD_CHLD_36-59M_LMPSL: Percentage of children (aged 36-59 months) developmentally on track in at least 3 of the 4 following domains: literacy-numeracy, physical, social-emotional and learning",M: Male,2016,64.1,,PCNT: %,RA: Reanalysed,F: Free,,,,A proxy ECDI (old); Based on youngest child aged 36-59 months living with mother,,DHS 2016,,,EOF: End of fieldwork,,2016,M36T59: 36 to 59 months old
UNICEF:GLOBAL_DATAFLOW(1.0): Cross-sector indicators,UGA: Uganda,"ECD_CHLD_36-59M_LMPSL: Percentage of children (aged 36-59 months) developmentally on track in at least 3 of the 4 following domains: literacy-numeracy, physical, social-emotional and learning",_T: Total,2016,65,,PCNT: %,RA: Reanalysed,F: Free,,,,A proxy ECDI (old); Based on youngest child aged 36-59 months living with mother,,DHS 2016,,,EOF: End of fieldwork,,2016,M36T59: 36 to 59 months old
UNICEF:GLOBAL_DATAFLOW(1.0): Cross-sector indicators,UNICEF_WCA: West and Central Africa,"ECD_CHLD_36-59M_LMPSL: Percentage of children (aged 36-59 months) developmentally on track in at least 3 of the 4 following domains: literacy-numeracy, physical, social-emotional and learning",F: Female,2023,53.26,,PCNT: %,E: Estimated value,F: Free,,,,Based on 17 countries with a population coverage 85 per cent of the regional population of girls aged 3-4 years,,"DHS, MICS and other national surveys",,,EOF: End of fieldwork,,2015-23,M36T59: 36 to 59 months old
UNICEF:GLOBAL_DATAFLOW(1.0): Cross-sector indicators,UNICEF_WCA: West and Central Africa,"ECD_CHLD_36-59M_LMPSL: Percentage of children (aged 36-59 months) developmentally on track in at least 3 of the 4 following domains: literacy-numeracy, physical, social-emotional and learning",M: Male,2023,50.404,,PCNT: %,E: Estimated value,F: Free,,,,Based on 17 countries with a population coverage 85 per cent of the regional population of boys aged 3-4 years,,"DHS, MICS and other national surveys",,,EOF: End of fieldwork,,2015-23,M36T59: 36 to 59 months old
UNICEF:GLOBAL_DATAFLOW(1.0): Cross-sector indicators,UNICEF_WCA: West and Central Africa,"ECD_CHLD_36-59M_LMPSL: Percentage of children (aged 36-59 months) developmentally on track in at least 3 of the 4 following domains: literacy-numeracy, physical, social-emotional and learning",_T: Total,2023,51.827,,PCNT: %,E: Estimated value,F: Free,,,,Based on 17 countries with a population coverage 85 per cent of the regional population aged 3-4 years,,"DHS, MICS and other national surveys",,,EOF: End of fieldwork,,2015-23,M36T59: 36 to 59 months old
UNICEF:GLOBAL_DATAFLOW(1.0): Cross-sector indicators,ZWE: Zimbabwe,"ECD_CHLD_36-59M_LMPSL: Percentage of children (aged 36-59 months) developmentally on track in at least 3 of the 4 following domains: literacy-numeracy, physical, social-emotional and learning",F: Female,2019,73.5,,PCNT: %,RP: Reported,F: Free,,,,A proxy ECDI (old),,MICS 2019,,,EOF: End of fieldwork,,2019,M36T59: 36 to 59 months old
UNICEF:GLOBAL_DATAFLOW(1.0): Cross-sector indicators,ZWE: Zimbabwe,"ECD_CHLD_36-59M_LMPSL: Percentage of children (aged 36-59 months) developmentally on track in at least 3 of the 4 following domains: literacy-numeracy, physical, social-emotional and learning",M: Male,2019,68.1,,PCNT: %,RP: Reported,F: Free,,,,A proxy ECDI (old),,MICS 2019,,,EOF: End of fieldwork,,2019,M36T59: 36 to 59 months old
UNICEF:GLOBAL_DATAFLOW(1.0): Cross-sector indicators,ZWE: Zimbabwe,"ECD_CHLD_36-59M_LMPSL: Percentage of children (aged 36-59 months) developmentally on track in at least 3 of the 4 following domains: literacy-numeracy, physical, social-emotional and learning",_T: Total,2019,70.8,,PCNT: %,RP: Reported,F: Free,,,,A proxy ECDI (old),,MICS 2019,,,EOF: End of fieldwork,,2019,M36T59: 36 to 59 months old
